{
  "drive": {
    "p": 0.00250645,
    "i": 0,
    "d": 0,
    "f": 0,
    "iz": 0
  },
  "angle": {
    "p": 0.010645,
    "i": 0,
    "d": 0.01,
    "f": 0,
    "iz": 0
  }
}